INSERT INTO authors (id, name, nationality) VALUES (1, 'J.K. Rowling', 'British');
INSERT INTO authors (id, name, nationality) VALUES (2, 'Stephen King', 'American');
INSERT INTO authors (id, name, nationality) VALUES (3, 'Haruki Murakami', 'Japanese');
INSERT INTO genres (id, name) VALUES (1,'Fantasy');
INSERT INTO genres (id, name) VALUES (2,'Horror');
INSERT INTO genres (id, name) VALUES (3,'Mystery');
INSERT INTO books (id, title, author_id, isbn, price, stock, description, genre_id, publication_year) VALUES (1, 'Harry Potter and the Sorcerer-s Stone', 1, '978-0590353427', 12.99, 100, 'The first book in the Harry Potter series', 1, 1997);
INSERT INTO books (id, title, author_id, isbn, price, stock, description, genre_id, publication_year) VALUES (2, 'The Shining', 2, '978-0307743657', 10.50, 80, 'A horror novel by American author Stephen King', 2, 1977);
INSERT INTO books (id, title, author_id, isbn, price, stock, description, genre_id, publication_year) VALUES (3, 'Norwegian Wood', 3, '978-0375704024', 14.25, 120, 'A novel by Japanese author Haruki Murakami', 3, 1987);
INSERT INTO users (id, username, password, email, role) VALUES (1, 'user', '$2a$10$BXrKwOhmV53H/4J8/.7Db.0VKW11LwOn6NqKvkq27HcNlKa39OEvq', 'user1@example.com', 'USER');
INSERT INTO users (id, username, password, email, role) VALUES (2, 'admin', '$2a$10$fIgHcoZFeAMUhHH3s0XJIOHibgcrVoLx3t1J1N6soi8JDl.SeSd4C', 'admin@example.com', 'ADMIN');
INSERT INTO users (id, username, password, email, role) VALUES (3, 'ana', '$2a$10$e3uZ5BWFtLSGRp8tGe6lI.L7x6RFOEDwsd2cNAbOasbZW7bPokqTi', 'user2@example.com', 'USER');
INSERT INTO carts (id, user_id) VALUES (1, 1);
INSERT INTO carts (id, user_id) VALUES (2,3);
INSERT INTO cart_items (id, cart_id, book_id, quantity) VALUES (1, 1, 1, 3);
INSERT INTO cart_items (id, cart_id, book_id, quantity) VALUES (2, 2, 3, 1);
INSERT INTO cart_items (id, cart_id, book_id, quantity) VALUES (3, 2, 1, 1);